x1,y1,z1,x2,y2,z2,x3,y3,z3
-0.858927763,0.121607854,-0.067815693,-0.100387679,0.142522011,-0.085021698,-0.085021698,-0.100387679,0.142522011
0.759678102,1.670849337,0.389506443,-0.841098362,0.745253687,0.07724956,0.07724956,-0.841098362,0.745253687
1.617835159,0.671663712,0.676541754,-0.086900337,1.162505997,0.822100957,0.822100957,-0.086900337,1.162505997
1.878302821,0.985942302,1.756579077,-0.418153016,2.471764891,0.234493023,0.234493023,-0.418153016,2.471764891
0.809847171,-0.115243084,-0.958695113,-0.197122459,-1.694762396,1.32486987,1.32486987,-0.197122459,-1.694762396
0.26855576,1.337986798,0.22593105,0.039193377,-0.489913237,1.358065421,1.358065421,0.039193377,-0.489913237
2.308104162,-0.179934883,-0.233572284,-0.759329968,1.844094252,-0.737286817,-0.737286817,-0.759329968,1.844094252
0.282888012,0.540179686,-1.332220528,-1.29266641,0.367526589,-0.56337318,-0.56337318,-1.29266641,0.367526589
1.752257689,0.216047282,0.162127715,0.950624527,-0.328695719,-0.055187544,-0.055187544,0.950624527,-0.328695719
-0.085858483,-0.030208052,-0.210695836,1.527255536,2.140810573,-0.104727172,-0.104727172,1.527255536,2.140810573
-0.664926809,0.919135827,0.002436537,2.252319019,2.030644864,0.653748757,0.653748757,2.252319019,2.030644864
-0.548288733,-0.528565328,-0.801092913,1.849369629,-0.904917704,1.9999387,1.9999387,1.849369629,-0.904917704
0.935236191,1.839410687,0.02062824,0.833618714,-0.736099554,2.118142523,2.118142523,0.833618714,-0.736099554
-1.024212308,1.045390094,0.204366051,2.429983312,-0.479945187,1.52597032,1.52597032,2.429983312,-0.479945187
0.644847152,-1.444987186,0.505718798,1.735833229,1.050767172,-0.621228886,-0.621228886,1.735833229,1.050767172
0.079356835,0.561038458,0.325802712,3.196949656,2.310452469,0.409865698,0.409865698,3.196949656,2.310452469
0.376719868,0.6508724,-0.416340064,-0.909512478,3.562148601,0.655844531,0.655844531,-0.909512478,3.562148601
0.462240513,0.263067897,0.360651976,0.983932265,-1.243560926,2.115190509,2.115190509,0.983932265,-1.243560926
0.973028103,-0.017023654,0.107801294,-0.992449424,2.812515691,0.311775993,0.311775993,-0.992449424,2.812515691
-0.114269985,-1.08098615,0.552783954,2.349425425,0.035456795,1.783211657,1.783211657,2.349425425,0.035456795
-0.03394083,-1.358466172,1.821333547,-1.60550784,-0.764543463,0.472856802,0.472856802,-1.60550784,-0.764543463
0.81137701,0.448653433,-0.698838185,2.682161224,-0.463534095,0.918408723,0.918408723,2.682161224,-0.463534095
0.173216762,-1.213015782,-0.213115798,2.226651692,0.121969881,3.363578679,3.363578679,2.226651692,0.121969881
1.130503783,0.941622526,1.433303134,-0.77570783,3.103723873,0.253121324,0.253121324,-0.77570783,3.103723873
0.553484662,1.187521712,-0.344003528,0.569030922,-3.078032667,2.004942454,2.004942454,0.569030922,-3.078032667
0.440805182,1.072149063,1.115650703,0.310849283,3.947221586,0.725818892,0.725818892,0.310849283,3.947221586
0.148990838,0.219255727,1.775935035,2.399352061,-2.301072009,-0.791414428,-0.791414428,2.399352061,-2.301072009
-0.493219257,-0.239453747,0.558619347,-1.660457024,0.522405165,0.339800251,0.339800251,-1.660457024,0.522405165
-0.400495076,-0.988446275,0.862122887,3.767478781,2.093991141,1.436336922,1.436336922,3.767478781,2.093991141
0.624356936,0.133817727,0.897810621,3.053334592,-0.206807957,-0.644759286,-0.644759286,3.053334592,-0.206807957
-1.347142713,1.654486479,1.454402814,-3.359323682,-0.102937553,1.062520115,1.062520115,-3.359323682,-0.102937553
-1.331090471,1.27120897,-1.070619034,3.437304826,1.937414821,-0.884604394,-0.884604394,3.437304826,1.937414821
0.580407752,-1.081026802,1.316922852,-3.076110018,2.139399298,0.590838098,0.590838098,-3.076110018,2.139399298
1.312281898,-0.419799997,-1.326170021,-0.842850344,2.317317112,-1.775176016,-1.775176016,-0.842850344,2.317317112
1.166251045,-0.44717518,0.922215687,3.500085563,2.042669667,1.03386775,1.03386775,3.500085563,2.042669667
0.372976659,0.118451435,2.50946592,0.165085597,-2.830440623,-0.451081715,-0.451081715,0.165085597,-2.830440623
0.335959793,-0.022306638,-1.943692765,-0.339561268,-1.296172229,2.899003565,2.899003565,-0.339561268,-1.296172229
-0.79126389,-0.425602184,2.612582009,-1.747474485,-0.060262453,1.504850743,1.504850743,-1.747474485,-0.060262453
2.956793465,-0.41149359,-0.79152611,3.561488865,-0.288215534,-0.199970623,-0.199970623,3.561488865,-0.288215534
-1.446358531,-0.719385329,1.642170005,1.835333013,3.934789998,2.718501574,2.718501574,1.835333013,3.934789998
0.802371733,0.362414702,-0.400760792,-1.904280866,0.185708369,-2.378964939,-2.378964939,-1.904280866,0.185708369
2.695946397,0.743830525,-0.573741316,-0.91268896,-0.495944639,-1.032953025,-1.032953025,-0.91268896,-0.495944639
-1.80577115,2.806058842,-0.323618445,-2.37825363,-0.147527716,1.423184327,1.423184327,-2.37825363,-0.147527716
-0.585443782,-1.576814917,-0.315321944,,,,,,
1.741472343,1.978295049,1.51073968,,,,,,
0.055166044,-0.485791256,-0.179071893,,,,,,
0.21899582,-0.471516165,2.342449156,,,,,,
1.569446064,-0.97020051,0.373867515,,,,,,
-0.947713487,0.144654489,1.748222854,,,,,,
0.21531705,-1.155468012,0.639409014,,,,,,
0.283274665,-0.798790321,2.709235559,,,,,,
-1.034331011,1.071854514,-0.683488607,,,,,,
0.427567525,-1.697637244,1.456984461,,,,,,
-0.296518159,-0.369829036,2.839140202,,,,,,
1.716660471,-2.052036677,1.336044071,,,,,,
-0.012400167,-0.421447919,0.382758416,,,,,,
1.253194419,2.438644969,0.268927845,,,,,,
-0.945074283,-0.458928693,0.040472439,,,,,,
3.096476803,0.465013834,1.158193115,,,,,,
-0.287215191,1.771724377,-0.256698471,,,,,,
1.451199514,-0.72487242,-0.216776394,,,,,,
1.699222126,2.176485111,0.536207606,,,,,,
2.698506721,-0.353001037,1.330422762,,,,,,
-0.028917506,1.505692726,2.070281901,,,,,,
1.217166763,2.224179535,-1.39073384,,,,,,
2.466468106,0.160718378,2.953293634,,,,,,
-0.112577515,2.312967402,-1.93994516,,,,,,
2.3852063,-0.447060222,-0.003973427,,,,,,
-0.894226361,-1.663149238,0.886561343,,,,,,
1.384000318,0.668404079,1.181288529,,,,,,
-0.769002242,0.083480452,-1.262085897,,,,,,
1.925618145,0.134054278,-1.442124423,,,,,,
-0.29671802,-1.640411511,-1.80275003,,,,,,
-0.718227769,-0.044665343,1.083032836,,,,,,
0.208753284,-1.85302061,-0.856671488,,,,,,
2.527827574,-0.055267065,0.497633811,,,,,,
1.936155567,0.433094146,-1.143582274,,,,,,
-0.75400356,0.207978849,-1.760183849,,,,,,
2.140630963,-1.148788038,0.969835721,,,,,,
0.779847994,-1.457814943,-0.061139194,,,,,,
0.502973381,-0.064439572,-1.575111618,,,,,,
0.798184139,-1.016330658,0.327935337,,,,,,
-0.401231296,0.798775792,0.881562068,,,,,,
-0.75836867,0.008802325,1.19007653,,,,,,
0.447672449,-0.211813437,-1.368596747,,,,,,
-0.188431184,1.823889838,0.055024574,,,,,,
1.79497692,-1.160303108,1.427905845,,,,,,
-0.625306719,0.810521891,1.835411929,,,,,,
-0.615724278,-2.162426039,0.356235763,,,,,,
-2.06735999,1.167903416,2.215492038,,,,,,
1.064745969,1.954164191,0.019727341,,,,,,
-0.128866941,0.652116107,1.505965771,,,,,,
-0.45251718,-0.834781733,-1.113070832,,,,,,
0.020086287,0.415037109,2.14340451,,,,,,
0.421379325,-0.778352628,-2.151350411,,,,,,
-1.087831267,2.441365169,-0.575629456,,,,,,
3.090227387,0.657706278,-0.580296232,,,,,,
0.027733076,1.628654753,1.091394508,,,,,,
-1.595539077,-0.238519155,0.910539345,,,,,,
3.024473984,0.151130785,0.849165191,,,,,,
0.742938898,-1.6872867,0.712024525,,,,,,
-0.066900953,1.976884969,1.744587273,,,,,,
1.113535107,-1.475858386,-0.376670144,,,,,,
0.349691326,0.860510349,2.127744411,,,,,,
1.274645652,0.896068672,1.259026284,,,,,,
-0.849660879,0.92015989,1.961372151,,,,,,
-0.718772836,1.899720947,1.592327371,,,,,,
1.40816366,2.565840418,2.467763833,,,,,,
-0.753321894,-0.688163346,-0.470267944,,,,,,
2.517960967,-0.178416173,-0.042024752,,,,,,
0.623461243,0.177540045,-2.338600206,,,,,,
2.478355213,-1.835509193,1.04898989,,,,,,
-1.536429642,0.884131037,2.661315407,,,,,,
0.159871421,-1.106909315,0.964508657,,,,,,
-0.395698796,2.495646873,0.640364948,,,,,,
-1.116790919,2.417808447,2.816719207,,,,,,
0.448245169,1.649638001,0.228965306,,,,,,
1.555020247,0.093962242,0.977810768,,,,,,
-0.343749744,2.367435379,0.648937851,,,,,,
0.724058499,-0.562816442,1.423792195,,,,,,
-0.686090693,-0.787860986,1.370637573,,,,,,
1.325810778,1.925588863,-0.364044668,,,,,,
1.256163945,0.656021607,-1.482892761,,,,,,
-0.484964891,-0.415843909,0.14271152,,,,,,
-0.460271614,-0.317129136,1.618527833,,,,,,
-0.841487231,1.363195038,2.178660131,,,,,,
-1.368205946,-0.561539085,0.146035048,,,,,,
0.908247944,2.867315195,-0.063154222,,,,,,
0.670513511,3.175679051,0.519163281,,,,,,
0.021212133,-1.368791966,0.241676404,,,,,,
-1.122671841,-1.323232082,-1.230615606,,,,,,
2.524539875,2.545900819,1.396140631,,,,,,
0.084901959,2.127043873,-0.717190093,,,,,,
1.742075868,1.120448582,1.972538266,,,,,,
-1.002700783,0.252462896,1.027854139,,,,,,
1.905576467,1.948904915,0.403816927,,,,,,
-2.146540887,1.574903052,1.101247998,,,,,,
-1.529087073,-0.047302913,-0.682081764,,,,,,
-0.640644117,1.77634018,1.289985592,,,,,,
1.676438567,0.128497827,1.825074749,,,,,,
2.256028894,-1.885178189,0.098639315,,,,,,
1.831342193,-0.717504554,-0.691923145,,,,,,
-1.720102788,1.288403098,0.201204242,,,,,,
2.749263712,0.383652831,-0.499332158,,,,,,
-1.747820464,2.255906902,0.560136842,,,,,,
2.008382773,0.932234298,-0.223643442,,,,,,
2.773759026,-0.034107622,-0.196720228,,,,,,
-0.809602501,-1.010545777,-0.948232706,,,,,,
0.444810361,1.509873586,-1.33285339,,,,,,
-0.862546878,0.746585134,-1.661576493,,,,,,
1.979321319,0.307968672,-1.303117204,,,,,,
-0.016111014,1.230587586,-1.783661422,,,,,,
-0.567182784,1.96926528,2.202622471,,,,,,
-0.014893537,0.24874436,1.367839857,,,,,,
1.291360159,-1.208438037,3.162458015,,,,,,
-0.447459512,-0.225550866,-0.266965176,,,,,,
2.012033021,-1.586136536,0.343470703,,,,,,
3.652660946,2.162965683,1.211824716,,,,,,
3.51134603,2.03894982,-1.439873224,,,,,,
-2.607709811,-0.895558124,0.748177096,,,,,,
2.248460694,1.151464185,-2.009392177,,,,,,
0.966890489,2.642789672,2.704197637,,,,,,
-0.880918847,1.352645185,3.482072731,,,,,,
1.564509019,1.181946651,3.844776587,,,,,,
3.231668645,0.530947469,1.706335563,,,,,,
-1.184676358,3.019376762,2.049729337,,,,,,
-1.646988776,1.685295238,2.279787913,,,,,,
1.099970647,1.338198083,2.592213378,,,,,,
1.374628004,-2.833114304,1.228291382,,,,,,
0.035515552,-2.577051169,0.933221491,,,,,,
1.684612138,2.320213062,0.130104933,,,,,,
2.806650245,0.175279649,-0.127068551,,,,,,
0.934728277,-0.356185819,-2.761999359,,,,,,
0.102742523,-1.959177807,-1.02100865,,,,,,
-0.142481481,1.130650868,-1.930485256,,,,,,
-0.984400135,-1.569357985,-0.335444822,,,,,,
2.540883403,3.167042158,1.40217502,,,,,,
-2.645144007,1.618966992,0.917588018,,,,,,
0.193597357,1.092634627,3.774465348,,,,,,
-1.582228508,0.048279143,-2.75029435,,,,,,
3.099085659,-0.35049481,1.446676967,,,,,,
3.536795944,0.001408489,2.22531899,,,,,,
2.828801229,-0.742278664,-0.303234936,,,,,,
2.713061129,-2.178625968,-0.155944414,,,,,,
1.517531762,-2.62161932,0.528021431,,,,,,
-1.60549124,3.116185313,1.872009772,,,,,,
2.065828267,2.379501171,0.866548843,,,,,,
0.415256545,-0.718568795,-1.848013507,,,,,,
0.802958398,-1.292394917,2.316134409,,,,,,
-1.833452096,1.902690851,0.465953028,,,,,,
2.894682741,0.124192996,-2.539299282,,,,,,
1.083208237,3.181705475,0.259162392,,,,,,
1.108515857,-1.790841888,0.715408898,,,,,,
2.358249169,-0.004622489,-1.230474686,,,,,,
-0.089546542,-0.292003601,-2.249424677,,,,,,
2.075642122,-2.334112857,0.767909097,,,,,,
-0.540300517,1.831128903,2.50946723,,,,,,
-2.513156756,-0.659019026,0.387129074,,,,,,
2.560870153,-3.064654185,1.47997046,,,,,,
-1.6847755,-1.726998339,-1.037682794,,,,,,
0.159617997,0.623895998,-1.441979644,,,,,,
-0.009656839,0.964604683,3.821859486,,,,,,
2.381893154,-1.172672973,-0.114533428,,,,,,
-1.770471794,1.366061919,1.274464286,,,,,,
0.823566145,-2.512461089,0.608939105,,,,,,
2.197259736,-2.246619731,3.190978246,,,,,,
-2.307009718,0.103155493,0.875760186,,,,,,
-2.685435073,-0.706910195,1.926291228,,,,,,
-2.093564272,0.919144647,1.32966171,,,,,,
-1.622804216,-1.324746797,0.937874276,,,,,,
3.524175743,1.336554074,-0.792447292,,,,,,
0.982110745,-1.805238054,-0.469777033,,,,,,
-1.443401696,-1.887250814,0.068646889,,,,,,
-3.122620812,-0.924335768,0.40860361,,,,,,
-1.79323528,2.796619741,-0.658831794,,,,,,
2.374361213,-3.211118006,-0.734306432,,,,,,
1.410472811,-1.889484927,-1.753018134,,,,,,
3.949670386,0.304624751,0.266550336,,,,,,
0.890115902,3.710945418,-0.276849,,,,,,
1.29209753,-2.009509501,-0.191212277,,,,,,
0.157511695,-0.569909561,-2.341178824,,,,,,
2.035963156,1.155009576,-2.152427664,,,,,,
-0.239538147,-1.799295189,-1.546537979,,,,,,
0.667456764,2.482041116,3.84553906,,,,,,
1.460342225,2.268635922,2.08599672,,,,,,
1.420652408,-0.973650233,3.00729547,,,,,,
2.401618122,1.952552287,3.57745904,,,,,,
2.819535367,-2.29577768,-0.198740798,,,,,,
3.139049158,0.542101332,0.697446529,,,,,,
-0.809424461,1.11547758,-1.169502363,,,,,,
-0.613515343,-0.696655045,3.216090773,,,,,,
-2.375971246,2.061456492,2.531392122,,,,,,
-0.102454451,-2.461197018,1.451822987,,,,,,
1.102780804,3.806349547,0.995666408,,,,,,
1.35979037,-1.076001556,3.036194484,,,,,,
1.439840571,0.438317177,2.74041919,,,,,,
-1.326024711,-2.666626819,0.756706819,,,,,,
0.232247238,0.873893506,-2.211630423,,,,,,
2.224676293,1.881482217,-0.653313713,,,,,,
1.328271589,-1.686663202,-0.03044318,,,,,,
-0.592266212,-2.930827011,-0.794711005,,,,,,
-2.276460951,-0.665878368,0.375850549,,,,,,
0.377205738,-0.379505159,3.635172792,,,,,,
0.353227718,0.923318537,-1.341577678,,,,,,
1.93656584,2.291278744,-1.441712295,,,,,,
1.950865341,0.143183238,-1.554570796,,,,,,
1.385002522,1.590546616,2.561657288,,,,,,
2.735446151,-0.899888623,1.627993645,,,,,,
1.137018971,2.051303293,1.858229544,,,,,,
1.876438185,-0.671698081,0.408233854,,,,,,
0.935931378,-1.680161371,-0.64624139,,,,,,
0.147656458,-3.236637057,-0.053112646,,,,,,
0.707402783,3.464826619,-1.370755475,,,,,,
-2.270343605,-0.19792438,2.049666837,,,,,,
-0.215495297,2.48635224,3.161816313,,,,,,
1.847012709,-1.277068309,3.070028864,,,,,,
-1.591660187,-1.282523131,-0.740254693,,,,,,
-0.089927912,-0.471692806,3.006493406,,,,,,
-1.767801532,2.41892544,-0.603787139,,,,,,
1.631746097,2.653136893,3.172111644,,,,,,
-0.928495296,3.038222645,0.628077399,,,,,,
3.199606494,2.724286661,1.556750126,,,,,,
2.330119095,-0.714929697,1.615263258,,,,,,
2.397061383,3.333628543,1.98964981,,,,,,
1.017852967,-2.309349597,2.727782686,,,,,,
0.658242617,-1.833108036,1.733125618,,,,,,
2.663379119,0.765825047,-0.68174004,,,,,,
-0.813082076,1.862591364,0.229635825,,,,,,
-1.433475153,1.843401262,0.923434549,,,,,,
-1.817432627,0.066928877,-2.344057674,,,,,,
-1.232498692,2.588357251,-0.169212791,,,,,,
1.703586451,0.190521213,1.943063319,,,,,,
2.348306525,2.109423965,2.598182788,,,,,,
-0.031284079,1.912292717,3.660017644,,,,,,
0.556217873,1.198289561,-2.271669875,,,,,,
-2.092546767,1.246790139,-0.839082021,,,,,,
2.201474466,0.611546344,-2.623287182,,,,,,
2.261187577,2.345482425,0.503850036,,,,,,
-0.136085531,0.995190558,3.43782971,,,,,,
-1.177858125,1.965777732,-2.121325951,,,,,,
3.009702711,-2.089743273,0.56419983,,,,,,
-2.388579765,2.072386619,-0.893512504,,,,,,
1.607009251,2.910188033,-0.692312084,,,,,,
-0.310317521,0.364974819,2.597883098,,,,,,
-0.053043391,-0.983223879,-0.584187176,,,,,,
-1.92633563,2.054185444,-0.605673433,,,,,,
-0.792793131,2.561097569,2.826936514,,,,,,
0.294658224,-1.707570368,1.89429907,,,,,,
-1.078074753,3.15973883,0.163702167,,,,,,
1.775971203,-2.459125456,0.711224952,,,,,,
2.304718649,-0.22447849,1.358771651,,,,,,
0.735157922,-2.444987208,1.136846562,,,,,,
0.306933986,-1.44215963,3.376183156,,,,,,
3.000915381,0.789594502,2.199802807,,,,,,
-0.371353401,2.530803651,-0.666510704,,,,,,
-2.710017057,-0.363200536,0.711495958,,,,,,
-0.341155396,-2.075381412,2.399759112,,,,,,
0.522613458,-1.910704437,-0.965113354,,,,,,
-1.930859659,2.733392795,2.22509506,,,,,,
2.794784992,2.460607314,0.035571437,,,,,,
-0.31387103,2.860905972,-0.132299903,,,,,,
2.120510926,-1.846307507,-1.7789639,,,,,,
3.001413896,0.903615084,-1.880115706,,,,,,
-0.005358028,-1.408261924,-0.199324307,,,,,,
-2.077755624,0.549334827,0.783817007,,,,,,
0.717521154,-1.65220302,1.72971871,,,,,,
-1.96895227,-1.297778692,0.081170341,,,,,,
-0.123500385,-1.086964563,1.52584682,,,,,,
3.822989495,1.821859206,-0.750610793,,,,,,
2.644576258,1.815599125,-0.598137777,,,,,,
0.851122568,3.185566761,-2.299146036,,,,,,
-0.433454261,3.434586716,2.435462167,,,,,,
1.32732172,2.569020893,-1.526070503,,,,,,
2.924229715,-0.96226576,1.74265956,,,,,,
1.604618211,0.763622195,2.521723708,,,,,,
-1.579434277,-0.617644825,1.255466938,,,,,,
-0.471902204,-2.654946812,1.791941721,,,,,,
-1.711562584,2.385365597,-0.147737107,,,,,,
3.665430913,-1.555432257,0.795017782,,,,,,
-0.793952543,3.599231981,-1.139146876,,,,,,
2.770307023,-1.03227843,-0.630750763,,,,,,
3.924179771,1.502749246,0.784065882,,,,,,
0.178819512,-2.323157716,3.083160801,,,,,,
0.627177838,1.960343494,2.583982064,,,,,,
-0.107267457,-1.008978893,2.353986707,,,,,,
1.037138116,-1.470737163,-2.64861869,,,,,,
0.852699588,-1.982756575,-1.869002167,,,,,,
-0.710137603,0.691212402,-2.469721851,,,,,,
2.596652409,0.342700714,-0.71571402,,,,,,
3.510284893,-1.058522503,0.364783445,,,,,,
-0.030257684,1.62763182,-1.959049255,,,,,,
-1.572478268,-0.700474521,1.427568713,,,,,,
-0.268406153,-0.64995079,2.957602698,,,,,,
-0.23895838,0.907541495,-1.930785375,,,,,,
0.386329291,-3.089613444,0.764396537,,,,,,
2.75650828,-0.95704692,0.307613048,,,,,,
2.653745934,-1.634363858,1.320622013,,,,,,
3.32308579,1.375429356,-0.366908672,,,,,,
2.633947253,2.13160573,0.866184736,,,,,,
-2.31611285,2.097135795,-1.964389022,,,,,,
0.792368481,-0.17896313,-2.878485865,,,,,,
1.752501983,3.780802388,0.16241145,,,,,,
-2.086383357,-1.690456937,1.920249088,,,,,,
-0.58082421,-1.818394364,-0.503546546,,,,,,
-2.373137644,-1.892579828,1.939852978,,,,,,
3.15809502,-0.335618159,-0.799872824,,,,,,
0.119166412,2.870020441,-2.163870689,,,,,,
-0.408202533,2.784711618,-1.809983516,,,,,,
-1.407928758,-0.35142852,-0.973908378,,,,,,
1.733694212,-1.357912031,-2.633631475,,,,,,
0.853135858,-2.145377561,-1.228572412,,,,,,
1.760137,-1.196836592,-1.898627313,,,,,,
-0.470156084,-1.637467966,0.254308637,,,,,,
1.605400766,2.743640534,-0.342448178,,,,,,
1.91131705,1.034847923,-1.757936163,,,,,,
0.800832274,2.18180306,3.61374223,,,,,,
0.877989562,0.103485002,3.209345446,,,,,,
1.021420601,3.824224302,1.077380438,,,,,,
0.775024681,1.009291314,-2.515934001,,,,,,
-1.038160914,3.497277643,0.849715267,,,,,,
-0.672402192,4.286137495,0.773691228,,,,,,
-2.088301842,-0.817613993,-1.503584255,,,,,,
2.071269699,-0.880418144,-0.918872554,,,,,,
0.589118615,3.852736471,-0.742950399,,,,,,
-2.432463523,-0.006181177,0.898635888,,,,,,
-1.775012952,-1.188815494,0.089779915,,,,,,
0.338603801,1.735151437,-2.938749661,,,,,,
-1.365878257,3.349580743,2.037355059,,,,,,
-1.017854359,1.187946492,1.547311322,,,,,,
-0.251202362,-1.711893632,-0.477379499,,,,,,
0.240488465,-2.540222184,2.102888298,,,,,,
3.37427125,-0.134310487,3.029604391,,,,,,
-0.427744032,-1.521010484,2.898397782,,,,,,
-0.016043869,-1.58730504,1.213740307,,,,,,
-2.123608201,1.244727589,2.758742365,,,,,,
-0.013630016,-0.338289618,3.032138401,,,,,,
1.645758393,-0.874442019,-0.23592414,,,,,,
-0.398113569,2.072239323,0.740112349,,,,,,
2.536185795,1.720512078,-0.559909142,,,,,,
1.997325021,-2.125366811,0.576554737,,,,,,
3.037578933,0.295206109,3.528785883,,,,,,
-1.542951805,0.29311769,3.246564975,,,,,,
3.290320206,-1.068574982,-2.179570523,,,,,,
0.408597217,2.198776111,-2.995288087,,,,,,
-0.784512643,-1.81418769,1.206520695,,,,,,
1.927277805,0.285760393,-1.231078057,,,,,,
1.532372077,3.276975046,-1.064557807,,,,,,
-1.211231696,0.666653547,-0.849854042,,,,,,
-0.533099191,2.660712918,2.549412229,,,,,,
-0.64857326,0.695046743,-1.823096602,,,,,,
-0.413723569,-0.789747987,-0.410040362,,,,,,
1.709616211,0.547695082,3.670670686,,,,,,
-0.438637351,-0.639106617,-2.48094429,,,,,,
1.281898164,1.669961895,-1.111119262,,,,,,
-1.008153574,-0.629234433,-0.456153229,,,,,,
-0.355421336,-0.238340345,4.216919518,,,,,,
2.312876216,2.155427699,-1.498417739,,,,,,
1.044103952,-2.530709141,0.303258483,,,,,,
0.712592912,-2.022621286,2.70312705,,,,,,
-0.706727457,-2.578568251,0.513099531,,,,,,
-1.896003381,1.410176531,1.150813153,,,,,,
1.673204013,-0.773581577,-1.570290232,,,,,,
1.804773281,1.220988167,2.907422508,,,,,,
-0.246664425,-1.58524778,0.547647451,,,,,,
-0.161083688,2.731881382,-0.361635918,,,,,,
-1.563705872,0.831344514,3.365762498,,,,,,
2.061071984,-0.584843588,3.395032871,,,,,,
-0.195931176,-1.291734085,1.119221903,,,,,,
0.177288396,3.497573693,-0.679266135,,,,,,
-1.207293522,2.107437621,-0.735540482,,,,,,
0.294135054,0.602034298,2.927586797,,,,,,
1.097307025,0.314697479,-1.896383669,,,,,,
0.203291908,-0.40091691,2.72718629,,,,,,
-0.965609543,-2.704852845,1.040459139,,,,,,
3.295537739,0.439331099,3.854131708,,,,,,
-2.74479491,0.807039541,-0.695988965,,,,,,
-1.531482347,-1.394855117,-0.616120717,,,,,,
0.182945315,-0.524608002,-1.470147328,,,,,,
2.791055268,3.0359036,1.40986003,,,,,,
3.008471996,0.009354786,3.269245689,,,,,,
0.371686924,-1.490872134,-0.66806881,,,,,,
-1.46764532,-0.361708387,1.750416686,,,,,,
-1.361962302,2.245568312,-1.455818954,,,,,,
-2.256409724,1.327345046,1.426388034,,,,,,
-1.620817645,0.983899591,-2.614245838,,,,,,
0.819163569,-2.77267036,-0.409513507,,,,,,
-1.878133517,-2.491446929,-0.43072225,,,,,,
3.64231404,-0.999979896,-0.517725636,,,,,,
-1.813425043,-0.138972802,-0.397573918,,,,,,
-2.674526085,-0.258032068,-0.009622901,,,,,,
-3.095281945,1.321692766,0.113716659,,,,,,
-2.432241509,0.262406415,0.476956887,,,,,,
2.332315575,0.948879731,-1.561397564,,,,,,
0.926829078,-1.390620137,-1.18801955,,,,,,
-1.715759048,-0.747625661,-0.159974703,,,,,,
-0.346085085,-2.791671897,2.232024696,,,,,,
-0.976704967,-0.993087137,-0.565234705,,,,,,
0.174122243,-0.902882611,-1.839860677,,,,,,
-0.709571669,4.03671196,-1.397221311,,,,,,
-0.814946855,0.375339631,-3.363553992,,,,,,
-1.189371774,3.232700017,-0.853666827,,,,,,
3.226612377,3.222032897,1.321140153,,,,,,
1.764879354,-1.650495792,-2.78630034,,,,,,
4.021687077,2.717180508,-0.191576557,,,,,,
1.542537606,-2.845613456,1.302705788,,,,,,
3.068427283,2.244379607,-2.292606358,,,,,,
1.076619368,1.921108878,3.405934477,,,,,,
4.150390421,-0.135949482,1.229447664,,,,,,
-3.893942656,0.96932908,1.686634275,,,,,,
-0.556788955,3.403109093,-1.069204145,,,,,,
1.131046268,2.270563096,-4.078741898,,,,,,
-1.551598458,0.287019141,3.585128555,,,,,,
-0.198247541,-3.923712517,-0.361994135,,,,,,
-2.763652418,-0.61302765,-2.251034456,,,,,,
-0.043786406,4.635304374,0.709034625,,,,,,
-1.107347183,-3.036916548,-0.853629725,,,,,,
-2.222249416,3.729077358,-1.059322094,,,,,,
2.182384876,3.326524829,0.959665692,,,,,,
-1.883353562,2.194249025,-1.663598271,,,,,,
-1.444968197,3.349839507,2.431846384,,,,,,
1.157615626,0.362817106,-3.156513889,,,,,,
0.601653654,0.937644553,4.884045186,,,,,,
-1.521325226,3.278514694,0.256060402,,,,,,
3.72553747,-0.753358489,1.111405369,,,,,,
3.341083418,-0.727707124,-2.656049023,,,,,,
-1.76822828,-1.822445456,3.204902676,,,,,,
2.778833753,1.887067521,3.486083495,,,,,,
-1.831536674,0.497300687,-1.758982202,,,,,,
-1.991394997,-2.428219635,-1.965265761,,,,,,
1.971107276,-3.577229268,1.08666296,,,,,,
3.610452361,-0.8946459,-3.253856665,,,,,,
1.784053334,2.862517477,-2.664935345,,,,,,
-3.071937938,2.76697231,2.840349724,,,,,,
3.595993915,2.660700313,2.698228125,,,,,,
2.862517186,2.994945623,0.445111615,,,,,,
0.756925211,3.582843816,2.113347202,,,,,,
3.433662424,-2.441323592,-1.119350495,,,,,,
-0.713059648,-1.608232444,3.627193691,,,,,,
3.349740673,4.209879147,1.41957673,,,,,,
1.063376422,-3.130685021,2.776537737,,,,,,
0.053835209,-1.971074282,2.46873903,,,,,,
-1.187270797,-0.932311706,-2.290182382,,,,,,
-2.585739402,2.730096987,-0.938910284,,,,,,
3.507507972,1.59870248,-2.952805902,,,,,,
-4.195518577,0.193114386,-0.983535231,,,,,,
0.866834312,-3.775491866,0.928563691,,,,,,
4.303639656,0.648456104,-0.891434174,,,,,,
4.425413302,0.19512705,-1.64265404,,,,,,
3.614561712,-1.521113882,0.131046235,,,,,,
-1.656078358,1.857681941,1.554048321,,,,,,
3.669144695,2.265649974,-2.39666424,,,,,,
-0.972301726,4.884311938,3.164928073,,,,,,
0.599171934,-3.310654425,2.806500868,,,,,,
2.678944285,2.624597729,-1.755116893,,,,,,
5.106642527,0.069296213,0.550110819,,,,,,
-3.149976439,-2.060851932,-0.351897928,,,,,,
1.199415899,2.187084741,4.911397601,,,,,,
-0.879386256,-2.432261658,2.945576277,,,,,,
-0.025976336,2.95059188,4.298816198,,,,,,
4.095108068,1.64604563,2.179854646,,,,,,
3.431262393,3.518196711,-1.120744829,,,,,,
-1.18332293,3.729435418,0.695984356,,,,,,
-3.119433685,2.862857988,0.252140041,,,,,,
-0.643549188,3.236252934,-0.147796412,,,,,,
0.12382343,-2.168388707,-3.291420147,,,,,,
-2.776187647,0.453277169,-1.115994239,,,,,,
-2.080343486,2.887472615,2.348041812,,,,,,
-1.124324515,-3.041844286,1.100579791,,,,,,
0.799946743,-1.420378169,5.169857321,,,,,,
0.638328164,2.484664763,3.194678566,,,,,,
-1.292517923,0.507623391,4.541747261,,,,,,
-2.054230618,-0.31900568,-3.292759415,,,,,,
3.220657026,-2.389035795,0.693572771,,,,,,
-2.463561345,2.709850129,2.116774511,,,,,,
3.372019794,-1.979379448,1.196753162,,,,,,
2.504382403,2.883482951,2.501188054,,,,,,
3.972820562,2.56273025,0.724413267,,,,,,
2.718812806,0.695070536,4.913096326,,,,,,
-2.915886444,0.303954419,-1.40844379,,,,,,
-3.280193032,-1.744646176,0.737967769,,,,,,
-3.100780359,0.670912545,0.98971628,,,,,,
-0.734835443,2.801632493,-2.221977323,,,,,,
0.959373739,-2.198411381,3.385643304,,,,,,
1.155957455,1.386790577,-2.485686282,,,,,,
2.395945832,-3.921739175,1.077768909,,,,,,
3.136239439,-0.558198709,3.811292459,,,,,,
3.376145038,2.12103973,-1.925355365,,,,,,
2.750580311,4.333301376,-0.414378752,,,,,,
1.508609506,1.467915512,4.068629455,,,,,,
1.462412278,-0.753515998,3.148404774,,,,,,
3.459224008,-1.012647272,-1.346702987,,,,,,
4.726316152,1.444874084,2.765033583,,,,,,
-3.431006526,-0.622023211,3.089692942,,,,,,
-1.722219556,3.655403439,1.585378374,,,,,,
-0.975194108,-2.46987846,-2.127872176,,,,,,
4.205537571,2.905654749,1.455809019,,,,,,
-2.621258192,1.64405217,-2.76777137,,,,,,
-1.133127338,-0.544825497,-2.144320423,,,,,,
1.88730868,3.311557375,2.672117587,,,,,,
1.654163298,0.016902117,4.161608387,,,,,,
-2.596107043,-0.276520607,2.575818395,,,,,,
1.150813663,0.846162518,-2.584789215,,,,,,
-1.036307194,-3.34829192,0.741684548,,,,,,
3.457886222,-0.628786779,0.926526062,,,,,,
0.639681868,1.950809287,3.812110371,,,,,,
2.820208843,-1.575511805,2.044858353,,,,,,
2.375644468,-2.052518676,-2.361667505,,,,,,
3.271157654,1.675147399,-2.926543217,,,,,,
-1.263437731,2.584625628,0.24406748,,,,,,
1.454739623,-2.055809712,2.492896302,,,,,,
0.002861764,-1.646418728,-2.234695025,,,,,,
3.275357316,2.87672579,-1.267949673,,,,,,
-1.17140283,-1.771281528,-2.318740876,,,,,,
3.099241968,2.430680524,-0.489189332,,,,,,
3.032678778,1.222660206,-3.12278244,,,,,,
1.785114993,3.877162558,-0.231309992,,,,,,
-0.778420535,2.646041252,3.850164401,,,,,,
-0.134379091,4.876679077,1.219977034,,,,,,
2.638776062,-0.504560787,1.957741835,,,,,,
0.182772477,-4.24451984,0.793867295,,,,,,
-0.499556479,1.085967902,-3.501812667,,,,,,
2.581362069,1.462058066,-3.063379666,,,,,,
4.318230942,0.082096993,-0.208592405,,,,,,
2.366842319,-0.027586451,3.699010631,,,,,,
4.6973463,2.742567564,0.36456739,,,,,,
0.946046667,1.310989504,-3.754929018,,,,,,
2.794652261,-3.386619286,-1.07825782,,,,,,
2.357360991,3.042825161,2.818937613,,,,,,
2.458488021,3.152220313,-1.469021684,,,,,,
2.68120416,0.938879156,-1.653299104,,,,,,
4.693625531,-0.633572069,0.458563244,,,,,,
0.638104884,-0.621117029,-3.426305048,,,,,,
3.533465014,-0.525375647,-0.832422,,,,,,
-1.446060321,-0.558126656,3.564384757,,,,,,
-2.561047259,2.091890058,3.661211753,,,,,,
0.576801496,-2.623063114,1.046876353,,,,,,
1.896991027,4.549446552,0.766670884,,,,,,
-1.634776741,2.577578482,-1.944354483,,,,,,
-1.777648993,0.683620641,-1.429786474,,,,,,
-0.561879824,3.7778452,-1.530516612,,,,,,
1.86177406,2.444660275,-1.847502364,,,,,,
1.630593554,3.851928426,1.978086833,,,,,,
3.268988081,-1.203630777,4.16510398,,,,,,
3.338906015,-0.031170467,-2.902335084,,,,,,
-1.343680993,2.911706432,3.971491093,,,,,,
-0.758128145,-1.529790371,-2.133466928,,,,,,
-1.539555736,0.471026477,-2.132252187,,,,,,
-1.599294192,3.049998912,3.293467847,,,,,,
1.454282459,-0.647087583,3.64322427,,,,,,
2.223253087,3.551719607,-1.003847385,,,,,,
1.453840897,-1.462897142,-1.888198322,,,,,,
-1.250362932,-2.258889319,-2.709904487,,,,,,
1.881684439,-0.298758088,-2.771321969,,,,,,
2.699468605,-0.87219814,3.438576479,,,,,,
-0.465826891,3.790077457,3.314091515,,,,,,
2.622211376,3.189206337,-1.455258756,,,,,,
3.228553981,3.193762697,2.038753737,,,,,,
2.50436998,1.021080629,2.875011462,,,,,,
2.516800813,-2.450494137,-0.248412879,,,,,,
1.498056275,4.045909979,2.637171094,,,,,,
1.536857679,2.850715264,2.45741077,,,,,,
-1.06190549,2.762510462,2.766675645,,,,,,
3.091587728,1.036344882,4.778543553,,,,,,
3.838255703,1.57933288,-0.953295125,,,,,,
3.017399203,3.730121301,1.959996625,,,,,,
2.70321852,2.460941375,2.53491479,,,,,,
-0.857184833,2.257342401,-3.811298881,,,,,,
3.006479746,-0.831436706,3.270078525,,,,,,
-0.924208905,-0.729740368,-3.137357925,,,,,,
3.530326793,-0.927130321,1.291436866,,,,,,
0.94765372,-4.223379158,0.500105998,,,,,,
3.390732107,3.88814648,-0.738646663,,,,,,
-1.733322605,2.295417644,4.303203206,,,,,,
-0.625987415,-0.388799341,-3.860343628,,,,,,
0.185971454,2.843517978,3.598004331,,,,,,
3.582250867,3.64596708,-0.128789902,,,,,,
2.435556683,1.454117253,-1.022123303,,,,,,
2.246818306,0.729678779,3.405822853,,,,,,
3.107456582,3.910793563,1.360553669,,,,,,
-0.439852447,-3.002416582,0.632663052,,,,,,
1.434432956,3.950216065,-0.635301486,,,,,,
-0.602383078,-3.346575329,-1.133741481,,,,,,
1.88437057,-2.514631155,1.591335692,,,,,,
3.00661254,3.150027445,3.007807052,,,,,,
4.301516197,0.458893697,0.651028906,,,,,,
1.884118111,-0.525120025,4.151437964,,,,,,
0.150312287,4.704851706,-1.482989266,,,,,,
-3.275258158,-1.443262412,0.02749985,,,,,,
2.672690372,-0.1488896,3.63087237,,,,,,
-0.263319377,2.85939191,-2.840591473,,,,,,
-1.976769433,4.857801952,1.339550576,,,,,,
1.700795822,-4.175110711,-0.406638845,,,,,,
1.21418064,3.384114003,-0.94267356,,,,,,
2.774359483,1.107567683,-1.988060395,,,,,,
-1.51565304,3.262376899,2.00435143,,,,,,
5.008823944,0.878111926,0.127031315,,,,,,
2.919146315,-1.41552345,-0.222367299,,,,,,
0.457616188,-3.082709872,-1.042578866,,,,,,
-0.209673743,4.278679651,-1.686850724,,,,,,
4.435030732,0.410610099,1.860042101,,,,,,
1.192479344,-2.399023293,2.880121445,,,,,,
-0.456937586,3.192057503,-1.177017913,,,,,,
-2.07779157,1.32299784,-0.308636809,,,,,,
0.380014367,3.456669912,2.823994784,,,,,,
-1.363719487,-1.83125736,3.865002594,,,,,,
4.520626077,0.099271997,-0.810338109,,,,,,
-2.697849428,-0.806466306,2.046574475,,,,,,
-1.696729246,-0.766210519,-2.985125666,,,,,,
1.87215121,4.77198806,2.428660768,,,,,,
4.223311628,1.303145731,-0.646810891,,,,,,
0.410468837,-3.482720998,-1.981701322,,,,,,
3.793347978,1.533537475,-1.502321452,,,,,,
3.247422418,0.28942172,-0.117265453,,,,,,
4.013857742,0.804861902,-2.298259317,,,,,,
-1.904292549,2.00252924,2.642573037,,,,,,
1.421962181,3.131520999,-2.970326881,,,,,,
-0.047106284,4.832975939,0.367702904,,,,,,
0.449089782,1.440384248,-3.923220482,,,,,,
-1.291627432,3.309418655,1.908904797,,,,,,
2.012993882,-3.873670984,0.295842577,,,,,,
-2.865550617,2.703392197,0.850741412,,,,,,
1.100828495,2.220280089,-2.829280142,,,,,,
0.354190595,4.222957537,4.04977451,,,,,,
2.04126976,0.534301787,4.619168445,,,,,,
-0.104602015,1.37133155,-2.834156474,,,,,,
4.492240461,-1.203695464,1.070921313,,,,,,
2.486383426,0.483074819,-2.599678171,,,,,,
1.195476712,4.280279769,3.215429706,,,,,,
3.129866985,0.572397285,-1.703781021,,,,,,
0.846866021,4.583836648,0.224877332,,,,,,
-0.497774447,3.355407446,2.042350002,,,,,,
0.063062926,1.797495416,3.773373257,,,,,,
-0.159604873,-1.499179449,3.624342381,,,,,,
0.257148979,-3.096874736,2.365867928,,,,,,
0.029248389,0.807227313,-2.768872896,,,,,,
3.090380768,1.506232293,-3.542113475,,,,,,
3.518754855,2.40325241,0.490095323,,,,,,
0.32762824,1.145478002,-3.475524162,,,,,,
4.71355275,0.046600142,-0.351057583,,,,,,
-2.578249082,3.237473284,1.908832484,,,,,,
1.7319796,-2.061810685,-1.42331202,,,,,,
2.688898061,0.040367818,-2.60788185,,,,,,
-2.869939251,-2.695597765,2.29471085,,,,,,
-2.971319453,-2.04781416,1.322113035,,,,,,
-1.24845796,1.18762585,-2.113953723,,,,,,
2.745918319,-1.971061283,-2.298533995,,,,,,
1.938568861,-2.244236102,-2.600564086,,,,,,
-0.04690369,3.492911889,4.803910206,,,,,,
-2.599156038,-0.275531622,-2.795574785,,,,,,
0.386753042,4.083813676,-3.174271294,,,,,,
2.908902202,1.588790398,-1.847147254,,,,,,
-3.597770169,-0.775837025,-0.930773666,,,,,,
-3.245774372,-0.794811987,3.481131154,,,,,,
3.149406727,-0.517636226,2.406337629,,,,,,
-2.146934127,0.511060173,-1.65332583,,,,,,
1.874800148,0.935167359,4.268257818,,,,,,
2.205622064,-0.09903387,-4.117640156,,,,,,
-2.43906563,1.198908351,3.371834114,,,,,,
4.737081066,1.413097663,-1.170679318,,,,,,
0.030964474,-3.97061024,0.092338408,,,,,,
3.87143205,0.089886903,-1.774576236,,,,,,
2.727265828,-1.041474562,2.992041297,,,,,,
1.851437368,-2.398537837,1.684292697,,,,,,
3.151801994,1.980726332,2.499022086,,,,,,
2.62604087,-2.689761275,-0.280982913,,,,,,
-3.76009832,2.068603758,-0.472530807,,,,,,
-2.38328429,3.716137641,1.317532063,,,,,,
-0.877221152,-2.780916223,0.046102246,,,,,,
-1.483838974,-1.962469895,-1.837117618,,,,,,
1.759656596,4.884624629,0.358601274,,,,,,
2.965910357,-2.457470948,0.157969792,,,,,,
0.31330328,-3.915280379,0.176480645,,,,,,
-2.835745046,2.114654237,-1.056735135,,,,,,
0.080064269,-2.072484736,4.951164581,,,,,,
3.891676653,-0.53221328,-0.956110503,,,,,,
1.36640034,3.986713326,1.041339337,,,,,,
-1.711246231,4.827346732,0.302588075,,,,,,
3.56450068,4.66633571,0.812796146,,,,,,
2.415565346,-1.681182245,-1.558388932,,,,,,
-1.435287025,-0.457808794,-3.001012346,,,,,,
3.227659307,1.510595203,-2.39455895,,,,,,
2.388738113,-1.986869696,2.575973296,,,,,,
2.020460119,-1.613837251,-0.775381658,,,,,,
-1.198829339,4.035320072,-1.575276795,,,,,,
2.640622999,0.802342232,4.05207961,,,,,,
-3.208918548,-2.953945587,0.966978167,,,,,,
2.950266633,-0.044989587,-3.689356412,,,,,,
-3.634711561,0.459878002,1.554841658,,,,,,
-0.649521389,3.669908551,0.22092399,,,,,,
1.61171395,-3.084374101,2.28956403,,,,,,
-2.724016261,1.021219463,1.903863884,,,,,,
-1.965939609,-2.194490963,0.801690565,,,,,,
2.951052137,2.513055229,-0.585893586,,,,,,
3.640128584,0.707811392,-1.793851807,,,,,,
1.542310699,-1.358717758,3.664437357,,,,,,
3.731794131,4.549062233,1.162188299,,,,,,
-3.34481308,1.204609366,2.442691155,,,,,,
-2.222536959,4.073797969,-2.227581518,,,,,,
1.991226161,1.723596839,4.077302173,,,,,,
0.353287298,1.565332504,-2.084805622,,,,,,
-2.798900687,2.188143037,1.759757868,,,,,,
-1.571678515,2.454879618,-2.15508467,,,,,,
3.075739137,-0.575724606,4.279223636,,,,,,
3.41173747,2.965450542,-0.891370292,,,,,,
0.610616324,-3.670998842,1.01961574,,,,,,
2.837730598,2.512427396,-0.260908234,,,,,,
-2.193473051,-3.039438057,0.237276265,,,,,,
0.397884857,4.263744505,3.336063711,,,,,,
-0.974986607,2.521205817,-1.547900961,,,,,,
3.249935388,-0.446953221,2.247165415,,,,,,
-0.940966176,2.745946563,2.791591778,,,,,,
4.807412158,-1.082939705,-0.537326461,,,,,,
2.82353675,1.636547807,2.799776054,,,,,,
4.715887888,-0.809812659,2.300924339,,,,,,
-3.128762804,1.844768465,-0.068819021,,,,,,
1.430732668,-2.792193064,-1.514699279,,,,,,
-0.203993415,-3.26053483,-0.005819792,,,,,,
0.280262342,3.474326777,3.302582228,,,,,,
-1.559255203,-1.222478213,4.143964037,,,,,,
4.955210807,-1.089279967,-0.120127491,,,,,,
0.352842398,-2.491241097,-1.45240659,,,,,,
-2.49854849,1.718353329,-1.625014909,,,,,,
-0.132552009,-2.981264497,3.028644037,,,,,,
3.348920039,-0.872857818,3.507394596,,,,,,
3.057873642,0.792367206,-3.296180465,,,,,,
-1.6309169,2.736949087,2.576683055,,,,,,
-0.184162786,4.376582926,0.32008831,,,,,,
2.688581039,1.34983598,2.887361712,,,,,,
-1.019478177,3.063219115,4.089131953,,,,,,
1.004839955,4.361598026,2.584414285,,,,,,
5.22021824,0.151298091,-0.439159067,,,,,,
-0.397205473,-0.583547406,4.120298802,,,,,,
-1.061264987,3.325202042,-0.999061041,,,,,,
-1.920233615,3.941570596,1.046456344,,,,,,
0.811020546,-0.566033708,-4.144011252,,,,,,
3.204578946,1.709878138,1.118618222,,,,,,
-1.334361173,4.040464208,-0.320911823,,,,,,
-1.981050175,4.401781518,-0.454970693,,,,,,
2.15422964,2.476456496,-2.063903049,,,,,,
0.451933251,3.226172041,-3.608746476,,,,,,
4.349611794,2.553004337,-1.92614878,,,,,,
3.263263961,-1.148768244,0.33053565,,,,,,
1.178331043,1.24099402,3.079120833,,,,,,
-3.517561617,-0.501838007,0.211157039,,,,,,
-0.28873255,-2.151170535,-1.413429316,,,,,,
0.893291484,1.370463753,-2.896257878,,,,,,
3.3035399,-0.394539839,-1.215257865,,,,,,
-2.580999113,3.470787608,-1.997471534,,,,,,
4.094100115,1.685105985,2.383604361,,,,,,
-1.98888458,1.466654325,0.982056094,,,,,,
-4.056879072,-1.667592819,1.672742252,,,,,,
-1.188366401,3.148132845,-0.399901951,,,,,,
1.305382615,-2.696512052,-2.679680328,,,,,,
1.656969964,3.221853363,2.906701423,,,,,,
1.78966739,1.860099598,-2.979615981,,,,,,
3.220975384,-2.371304577,1.304488991,,,,,,
0.755757113,-3.739422063,-2.029434241,,,,,,
-0.739925658,3.349091408,-0.313559146,,,,,,
-0.567695467,3.734534624,1.392487757,,,,,,
0.848485462,2.212463142,3.75910116,,,,,,
1.15101463,-2.34182582,2.74300505,,,,,,
-2.712394394,-2.492168351,-0.31690571,,,,,,
2.866646324,3.597441607,2.308545437,,,,,,
0.488249645,-0.21887698,-4.111476075,,,,,,
0.840652578,1.056076988,4.116328868,,,,,,
-1.422975254,1.9089893,-3.063002561,,,,,,
-0.075552012,-1.065012877,-2.207726313,,,,,,
5.172874374,1.730342734,1.248232326,,,,,,
-0.553138434,3.172064649,4.512410738,,,,,,
-2.641990827,0.548205012,2.953432325,,,,,,
0.180841391,3.538923318,-2.496306436,,,,,,
2.463241464,2.963620345,-2.268542101,,,,,,
-0.23247042,-1.491243433,-2.580214513,,,,,,
4.972545237,1.416079175,1.593803728,,,,,,
0.081041536,1.549113761,3.529210522,,,,,,
-0.140018194,3.003139097,-3.617308312,,,,,,
2.565625917,-2.319954437,1.701016112,,,,,,
0.4954243,4.071719803,-0.303491225,,,,,,
0.31267564,3.582597236,2.624725807,,,,,,
1.930129516,2.351987465,4.529661724,,,,,,
-2.555683828,1.651451437,2.992288304,,,,,,
2.705142476,-0.548535047,-2.491583478,,,,,,
-2.798772559,-0.254091263,0.190044932,,,,,,
4.988548197,-0.07202282,-0.275816642,,,,,,
3.465846158,1.292012233,3.439594295,,,,,,
-3.064546517,-0.083848055,-1.148277118,,,,,,
-0.853701409,0.343210131,-3.623720871,,,,,,
-2.710913653,-3.012550595,0.152618171,,,,,,
-3.570373592,-2.055628786,-0.548151105,,,,,,
3.470884563,-1.532599994,1.415717686,,,,,,
2.141856976,-2.156921241,2.49339588,,,,,,
-2.680470055,0.769769077,1.000449646,,,,,,
3.420437577,1.714568131,1.630211744,,,,,,
-3.266048037,1.291631227,2.703598049,,,,,,
5.334856941,0.301343422,-0.347120642,,,,,,
-0.239895117,4.243096442,0.99317692,,,,,,
3.866689288,0.335769115,-1.573899147,,,,,,
1.244057881,-4.306169297,-0.259243113,,,,,,
1.747236385,1.315607839,-2.429736343,,,,,,
4.622065644,1.057660808,1.079919493,,,,,,
-2.3801022,-0.375082051,3.228490848,,,,,,
2.273569966,1.486062072,4.793912533,,,,,,
-2.972872571,-0.355299586,-0.890487365,,,,,,
-1.408917073,-2.312513052,-1.125151862,,,,,,
1.659987393,0.346650567,-3.715658446,,,,,,
-1.390091196,0.748478885,-3.119855887,,,,,,
0.768328123,0.594598301,3.588280792,,,,,,
-1.274939959,-2.735276036,-1.172681189,,,,,,
4.942511971,-1.440726267,1.323008687,,,,,,
3.985121798,-0.717418442,1.350196401,,,,,,
-0.421039544,-2.030420156,-2.480835036,,,,,,
-2.101699471,3.72959179,-0.429201002,,,,,,
4.554263636,-0.168629385,1.686704817,,,,,,
-0.336795908,1.676958664,4.593991187,,,,,,
-2.453875405,-1.509513307,-0.824209268,,,,,,
0.843639704,-3.544110002,-1.550832518,,,,,,
3.812336324,2.297960617,0.582113149,,,,,,
-2.578832666,-0.08140585,1.826118281,,,,,,
-1.307435781,-1.371356201,4.100678482,,,,,,
-0.920415603,-0.671215917,-2.179812147,,,,,,
2.688764586,-1.340900931,0.717290105,,,,,,
-2.763300186,-0.4933473,2.849110746,,,,,,
-2.301861288,1.054284881,2.072578743,,,,,,
-1.275776423,-0.400449287,3.079030736,,,,,,
-2.193988408,3.68584787,0.733379584,,,,,,
-0.225242795,0.775278663,-3.392083904,,,,,,
-3.146613189,2.545926795,-1.923302027,,,,,,
4.151051248,0.743377351,-1.220157563,,,,,,
0.686238095,4.839087239,-0.715797141,,,,,,
-4.174983225,1.154856434,0.478389889,,,,,,
-2.390594483,2.829692626,-1.884902127,,,,,,
0.41492958,-3.164381237,2.430512389,,,,,,
2.2881345,-2.61651584,3.71275391,,,,,,
1.830834425,-3.39350598,-2.151603448,,,,,,
0.889450771,-2.169056609,3.167630944,,,,,,
3.740951759,2.489922746,2.38833064,,,,,,
-1.948757359,3.15640933,1.758733637,,,,,,
-4.09874879,2.132303593,-0.65173337,,,,,,
-3.843279263,0.693529521,1.601821816,,,,,,
0.744835749,3.94717131,1.658364331,,,,,,
3.511709746,0.673471598,-3.01917495,,,,,,
-1.404729032,0.022506742,-2.985202238,,,,,,
3.070737683,-0.261518257,3.749370555,,,,,,
3.220553655,3.400418735,1.723247549,,,,,,
0.833381131,2.344241023,3.617485727,,,,,,
3.399803099,2.834293262,-0.739380199,,,,,,
-0.847013048,0.918540279,5.288989263,,,,,,
3.051190771,3.980054024,-1.373734722,,,,,,
-3.127878812,-0.385692323,0.910703071,,,,,,
-0.76033129,-2.460207706,3.645750779,,,,,,
2.614074973,-2.338473587,2.446701691,,,,,,
-2.388937102,2.944369126,1.686283361,,,,,,
-3.556600854,-1.656257288,-0.52664402,,,,,,
1.128538052,0.592577585,4.430829506,,,,,,
-1.478642851,-1.353208021,-2.536005606,,,,,,
-0.076789755,0.119540127,-2.890930912,,,,,,
4.394119712,-0.028975636,1.256568474,,,,,,
-1.686716686,3.72075824,-2.585279767,,,,,,
-2.665198725,0.376181734,3.832384074,,,,,,
-2.917128228,3.020857833,-0.1190838,,,,,,
-3.96703066,2.305045813,1.008427146,,,,,,
0.488548859,0.409088925,-3.428927167,,,,,,
2.130895814,-3.25940588,-0.186721894,,,,,,
4.40421079,2.54793312,-1.013549527,,,,,,
-2.548313944,-0.914592624,-1.747419252,,,,,,
2.234564949,3.019295418,0.263215243,,,,,,
0.334495725,5.334974967,-0.159380664,,,,,,
3.991707191,-0.351297414,1.187296714,,,,,,
0.376688898,4.126971617,-2.497174225,,,,,,
3.053119871,0.898976282,3.855173968,,,,,,
-2.261655463,2.250279961,1.526866248,,,,,,
0.533432111,2.503670007,-2.338509701,,,,,,
-0.384993259,-0.538810086,-3.931326269,,,,,,
1.637065528,3.501813954,0.753572453,,,,,,
-3.587666068,-0.193121532,1.01159376,,,,,,
-1.23545001,-3.384281331,-0.139109296,,,,,,
-2.728993619,-2.930815542,-1.818870231,,,,,,
4.231209615,-1.883673639,3.033985472,,,,,,
-1.327795127,4.806432941,1.825492278,,,,,,
2.607242233,0.215757649,3.450511762,,,,,,
-2.32247878,0.634013226,3.541168515,,,,,,
3.316027189,-0.635834474,4.804800121,,,,,,
2.465470359,-1.464037802,2.227056459,,,,,,
0.822486751,-3.093120337,1.517804611,,,,,,
-0.09124527,-3.745031996,0.036839352,,,,,,
-1.147621936,1.230375693,-2.238552613,,,,,,
-2.03760232,3.119314142,3.321796148,,,,,,
-0.196450065,0.705759217,-3.246550836,,,,,,
-0.424021898,-3.459541844,-0.080361216,,,,,,
0.14168683,-2.466303777,0.457044073,,,,,,
-2.058864575,-3.412461741,-0.252357206,,,,,,
1.202326202,-2.468987588,1.288160719,,,,,,
1.772898865,-1.789504431,2.601747547,,,,,,
0.760238633,-1.801166293,-2.510906011,,,,,,
-0.470403535,-0.870152866,-3.314534841,,,,,,
1.772888608,-0.353916492,-2.905452702,,,,,,
-0.699140309,2.838896792,-2.50593272,,,,,,
1.530816924,-0.828160399,4.689105175,,,,,,
-2.222624829,-0.722566038,-1.821425248,,,,,,
1.619913598,-3.137068941,2.908912554,,,,,,
